{
  "description": "项目配置文件。",
  "packOptions": {
    "ignore": [],
    "include": []
  },
  "setting": {
    "urlCheck": true,
    "es6": true,
    "postcss": true,
    "minified": true,
    "newFeature": true,
    "coverView": false,
    "enhance": false,
    "showShadowRootInWxmlPanel": false,
    "packNpmRelationList": [],
    "useStaticServer": false,
    "ignoreUploadUnusedFiles": true,
    "compileHotReLoad": false,
    "babelSetting": {
      "ignore": [],
      "disablePlugins": [],
      "outputPath": ""
    },
    "ignoreDevUnusedFiles": true
  },
  "compileType": "miniprogram",
  "libVersion": "2.23.1",
  "appid": "wxc19ba1d0954df919",
  "projectname": "132%2B98%2B93",
  "condition": {},
  "editorSetting": {
    "tabIndent": "insertSpaces",
    "tabSize": 2
  }
}